id,title,description,remixes
c97c0a8e-4d68-4bc4-9fe0-c26ee71c3856,fancy-saas-splash,A modern landing page template for SaaS products featuring sleek design elements and engaging visual splash effects.,"{'count': 35, 'text': '35 Remixes'}"
65e44bd6-84d0-4f67-a532-c7f2a71f7d46,valk-life,"A lifestyle application or website dedicated to Nordic-inspired living, possibly featuring minimalist design and wellness content.","{'count': 40, 'text': '40 Remixes'}"
6fb25ca9-773a-4499-aa1a-2c5df274248d,monster-landing-magic,An eye-catching landing page template with bold graphics and animations designed to create a magical first impression.,"{'count': 47, 'text': '47 Remixes'}"
156c4586-27b3-4c80-992f-6996d77bfbc1,future-real-estate-site,A forward-thinking real estate platform showcasing properties with innovative visualization tools and modern interface.,"{'count': 48, 'text': '48 Remixes'}"
f60ff3fb-aac0-4b5b-a359-c84636b03332,turn-based-chess-duel,An interactive chess game application featuring turn-based gameplay and competitive dueling mechanics.,"{'count': 52, 'text': '52 Remixes'}"
f6f0a2d7-0b30-4d2c-9290-e18ae9e1fd05,musicwave-harmony,A music visualization and playback app that creates harmonious visual representations of audio waveforms.,"{'count': 53, 'text': '53 Remixes'}"
0fa655bd-55f5-4761-af2c-39b0bfabbaae,ai-tool-hub,A centralized platform that aggregates and organizes various AI tools and services for easy discovery and implementation.,"{'count': 71, 'text': '71 Remixes'}"
4e4f8fa9-169c-4762-b885-56ac83b4ade3,chatgpt-clone,"A replica of the ChatGPT interface and functionality, allowing users to interact with an AI assistant.","{'count': 68, 'text': '68 Remixes'}"
b8ce5f67-1b0f-4932-a684-e51855e29de9,hungry-dashboard,A food tracking and nutrition analytics dashboard that visualizes eating habits and dietary information.,"{'count': 91, 'text': '91 Remixes'}"
721b7097-37cd-4dc4-8946-0910b3ea8bc7,agri-dom,"An agricultural domain management system for farmers to monitor crops, track resources, and optimize farming operations.","{'count': 1996, 'text': '1996 Remixes'}"
4895dbd0-4609-4ca0-9728-8cee578eee22,psk-services,A professional service provider platform offering specialized consulting or technical services.,"{'count': 988, 'text': '988 Remixes'}"
0a723aaf-fa4e-4c29-8841-7b9dfaf2611b,tableone-fundraise-hub,A fundraising platform specifically designed for restaurant entrepreneurs to connect with potential investors.,"{'count': 2, 'text': '2 Remixes'}"
aa3f66a7-cf0f-41ac-99b0-6838871e6ffa,trailguidecoihues,"An interactive trail guide application for the Coihues region, providing hiking routes and outdoor adventure information.","{'count': 642, 'text': '642 Remixes'}"
ec1d4f1e-2506-4da5-a91b-34afa90cceb6,wrlds-ai-integration,A system that integrates artificial intelligence capabilities into virtual or augmented reality environments.,"{'count': 2354, 'text': '2354 Remixes'}"
e80b4e6f-f37e-4186-8826-02a6da11169d,patrick-boghossian-ring-sizer,"A specialized tool for jewelry sizing, specifically for determining ring sizes accurately.","{'count': 254, 'text': '254 Remixes'}"
4b043dc7-4365-4c96-b875-11bd9694b03e,chef-cuistot-ia,"A culinary AI assistant that helps with recipes, cooking techniques, and meal planning in French cuisine.","{'count': 2, 'text': '2 Remixes'}"
15d22a8d-159c-4e5f-955c-69d700cd8ccd,adventurous-resort-hub,A booking and information platform for adventure resorts featuring outdoor activities and extreme sports.,"{'count': 649, 'text': '649 Remixes'}"
f34e3a91-e821-4705-9e65-257dcf59254e,orangery-ventures-harmony,A venture capital portfolio dashboard focused on sustainable or botanical-themed investment opportunities.,"{'count': 1117, 'text': '1117 Remixes'}"
328de7c5-7688-4cf6-bc54-0daafe636b06,webfront-duplication,A tool that allows users to clone and replicate website frontends for testing or development purposes.,"{'count': 580, 'text': '580 Remixes'}"
84322c50-98b7-4990-ba4e-2545accf5d91,landing-simulator-sorcery,A landing page creation tool with magical drag-and-drop functionality for building impressive site entrances.,"{'count': 1115, 'text': '1115 Remixes'}"
513db1a2-0fcc-4643-bd43-f10d076dfa80,cortex-second-brain,A knowledge management system that serves as an external cognitive extension for organizing thoughts and information.,"{'count': 1438, 'text': '1438 Remixes'}"
fafe259a-ff46-45f0-812e-1c598bf4b505,characterforge-imagix,"A character creation and visualization tool for writers, game developers, or role-playing enthusiasts.","{'count': 1695, 'text': '1695 Remixes'}"
aea57efd-93e1-4cb4-9dea-735a7609af4a,zakicrm,A customer relationship management system with streamlined features for small to medium businesses.,"{'count': 7, 'text': '7 Remixes'}"
78e71be8-1741-4b05-8841-5c5711aa1200,rome-jpem-reboot,A revival or modernized version of a classical or historical project with Japanese and European influences.,"{'count': 165, 'text': '165 Remixes'}"
8eea59cd-6a7d-4fcc-b619-5467ab615d04,opportunity-lighthouse,"A platform that illuminates and guides users toward career, business, or investment opportunities.","{'count': 1, 'text': '1 Remix'}"
ee95d51b-52bd-4ed8-a6a9-681b011ba839,echoing-site-template-26,"A website template system with audio or voice features, being the 26th iteration in a series.","{'count': 9, 'text': '9 Remixes'}"
ea007ae4-bf41-4777-bc2b-32fbfcb9592b,tactile-signature-tool,A digital signature application with haptic feedback for a more physical and secure signing experience.,"{'count': 1, 'text': '1 Remix'}"
32740053-d4a5-474d-90a4-a52ce5eabadc,lovable-product-grove,An e-commerce platform showcasing a curated collection of charming and endearing products in a garden-like interface.,"{'count': 1, 'text': '1 Remix'}"
569a64aa-fd54-4462-a091-9529939f2136,forklift-navigator,An industrial navigation and management system for warehouse forklift operations and logistics.,"{'count': 896, 'text': '896 Remixes'}"
d9e9e909-200c-4b87-875b-9305d31e815d,sleek-navisphere-65-90-76-19-70,A modern navigation interface with a sophisticated design system identified by specific numerical parameters.,"{'count': 27, 'text': '27 Remixes'}"
ca2c8cb7-488c-4548-be13-782d945ee184,custom-thinking-ai,A personalized artificial intelligence system that adapts its thinking patterns to match user preferences.,"{'count': 1, 'text': '1 Remix'}"
3dbb57c6-f5b2-4ab4-8bfb-6775b6a8847e,chatiwy-connectivity,A social messaging platform focusing on continuous connectivity and seamless communication between users.,"{'count': 75, 'text': '75 Remixes'}"
